"Green","Rooibos","stab","ar","rate","Plot","Tea_ID","Angle","New distances","ALT","Soilmoist","Distance","Spiral","Vegetation","Soil","Hillshade","X","Y","ID...20","meantemp","mintemp","maxtemp","thermsum","elevation","slope","aspect"
34.3671441099094,12.6417191552427,0.591839143587775,0.225304792739548,0.0294096520111099,"CHHE","169",0,22.4,18.4,29,0.1,1,"Litter","Loose fibric",181,583140.0332,7720046.625,1,6.57863664627075,4.45897436141968,9.15305042266846,121.747428894043,73.0442428588867,1.12614381313324,209.258239746094
37.3546325878594,12.6569872958258,0.55635828280452,0.244890227891905,0.0259790800908742,"CHHE","170",0,20,21.4,35.6,2.5,2,"Moss","Loose fibric",167,583140.1823,7720046.658,2,6.58467769622803,4.46468067169189,9.17371654510498,121.747428894043,73.0442428588867,1.12614381313324,209.258239746094
37.7997565429093,13.5062545989698,0.55107177502483,0.247808380186294,0.0281257055902927,"CHHE","171",0,0,28.2,43.1,22.5,3,"Eriophorum tussock","Loose fibric",190,583140.3448,7720046.589,3,6.58467769622803,4.46468067169189,9.17371654510498,121.747428894043,73.0442428588867,1.12614381313324,209.258239746094
37.9804849201656,11.2380952380952,0.548925357242689,0.248993202802036,0.021438534786374,"CHHE","173",45,4.8,14.2,6.8,0.2,4,"Eriophorum tussock","Litter",192,583140.3725,7720046.262,4,6.58467769622803,4.46468067169189,9.17371654510498,121.747428894043,73.0442428588867,1.12614381313324,209.258239746094
39.036954087346,9.97060984570168,0.536378217489952,0.255919223945546,0.0176300214048168,"CHHE","174",45,0,14.9,13.6,5,5,"Willow shrub","Loose fibric",183,583140.1027,7720046.038,5,6.57863664627075,4.45897436141968,9.15305042266846,121.792861938477,73.0381240844727,0.874296307563782,211.810241699219
49.1437632135306,11.7690875232775,0.416344854946192,0.322177640069702,0.0162357077463194,"CHHE","175",90,25.3,31.4,36.1,0.3,6,"Forbs","Dense mesic",179,583139.6531,7720045.91,6,6.57863664627075,4.45897436141968,9.15305042266846,121.580688476562,73.0033264160156,1.1054208278656,229.406997680664
26.3680981595092,15,0.686839689316993,0.17286449149702,0.072247245854371,"CHHE","176",90,32.5,43.2,31.9,7.5,7,"Moss","Loose fibric",187,583139.1011,7720046.471,7,6.57351541519165,4.45473957061768,9.14044666290283,121.525184631348,73.0227661132812,1.25191140174866,217.647277832031
39.4156046005595,15.316927665921,0.53188118051592,0.258401588355212,0.0320837328654167,"CHHE","177",90,50,43,34.4,25,8,"Willow shrub","Loose fibric",184,583138.6319,7720047.464,8,6.58189105987549,4.45871353149414,9.14256572723389,121.391754150391,73.0251693725586,1.20066928863525,252.353485107422
32.874251497006,11.0653570079335,0.609569459655511,0.215517658270158,0.0257277761999174,"CHHE","178",135,9.6,22.4,33.5,0.4,9,"Willow shrub","Loose fibric",180,583139.7389,7720048.972,9,6.61709451675415,4.48258924484253,9.2177734375,121.803581237793,73.0549697875977,0.944457173347473,259.119232177734
36.3160936145623,9.91537895511405,0.568692474886434,0.238081753862688,0.019237805781379,"CHHE","179",135,0,33,25.2,10,10,"Willow shrub","Moss",183,583142.9206,7720050.467,10,6.61741065979004,4.46140241622925,9.24117279052734,121.681869506836,73.1190795898438,1.60576951503754,225.758316040039
38.8621794871795,9.35706084959816,0.53845392533041,0.254773433217614,0.0163468321435346,"CHHE","181",180,23,17.8,23.6,0.5,11,"Grasses","Dense mesic",174,583147.3282,7720048.198,11,6.53516435623169,4.45375633239746,9.15626430511475,122.063545227051,73.1424789428711,1.10494220256805,148.655197143555
29.4704353476283,11.4080353851824,0.649994829600614,0.193202854060461,0.0318836931147688,"CHHE","182",180,35,14.7,12.3,12.5,12,"Moss","Moss",197,583147.881,7720040.511,12,6.60342836380005,4.49841213226318,9.16739177703857,122.368370056152,72.9312438964844,1.83799624443054,237.275115966797
40.7307813982917,13.0887885628292,0.516261503583234,0.267023650022055,0.024060163426417,"CHHE","183",180,50,38.5,35.4,27.5,13,"Litter","Litter",176,583140.9773,7720034.096,13,6.59291505813599,4.46052169799805,9.19785022735596,121.699264526367,72.6870574951172,1.98711729049683,193.340835571289
38.5639075753144,15.0749542961609,0.541996347086527,0.252818016408237,0.0323937868147507,"CHHE","184",225,5.75,45.5,36.6,0.75,14,"Bare soil","Mineral",165,583131.8708,7720034.068,14,6.68999099731445,4.64601039886475,9.36458683013916,126.301620483398,72.6758728027344,2.39695310592651,137.828384399414
36.768992248062,13.0400890868597,0.563313631258171,0.24105087554549,0.0278084316087828,"CHHE","185",225,20,38,23.5,15,15,"Moss","Very dense humic",181,583122.7368,7720045.3,15,6.66407346725464,4.48210000991821,9.27535820007324,122.078964233398,72.9927215576172,3.12560653686523,189.959625244141
32.7278731836196,13.7879939209727,0.611307919434447,0.214558028472185,0.0367487225447334,"CHHE","186",270,24,19.5,40.6,1,16,"Eriophorum tussock","Litter",153,583123.6418,7720057.828,16,6.58169889450073,4.55235052108765,9.11987495422363,121.950988769531,73.2962875366211,1.76385760307312,179.694702148438
27.917598211434,11.6537753222836,0.668437075873705,0.183022734117715,0.0361655108688638,"CHHE","188",270,7.5,33.2,29.4,17.5,17,"Moss","Litter",NA,583137.4486,7720068.805,17,NA,NA,NA,122.782646179199,73.5373001098633,4.49483442306519,174.946197509766
35.3716012084592,11.8007117437722,0.579909724365092,0.231889832150469,0.0253961891776821,"CHHE","189",270,0,18.5,36.5,30,18,"Dryas","Loose fibric",NA,583164.1935,7720052.51,18,NA,NA,NA,NA,73.1766052246094,1.38661098480225,131.648162841797
38.3112680200059,14.7016274864376,0.544996816864538,0.251161757090775,0.0314395854615853,"CHHE","191",315,11.75,43.2,27,1.75,19,"Grasses","Loose fibric",176,583140.9903,7720034.097,19,6.59291505813599,4.46052169799805,9.19785022735596,121.699264526367,72.6870574951172,1.98711729049683,193.340835571289
29.5269016697588,12.1034613921643,0.649324208197639,0.193573037074903,0.0350549463512342,"CHHE","192",315,30,17.3,4.8,20,20,"Litter","Litter",189,583115.3064,7720044.704,20,6.56701850891113,4.47392892837524,9.15878772735596,121.614654541016,72.8744964599609,1.6232168674469,190.075912475586
NA,14.1319572429045,NA,NA,NA,"CHKO","145",0,22.4,36.9,48.3,0.1,1,"Dryas","Dense mesic",197,582991.1577,7720006.952,21,6.8040189743042,4.67209053039551,9.3544225692749,125.036994934082,68.7610855102539,2.57958626747131,281.482208251953
38.1278801843318,13.9061345158906,0.547174819663518,0.249959499545738,0.0290245232443651,"CHKO","146",0,20,30.6,31.2,2.5,2,"Moss","Moss",200,582991.2429,7720007.039,22,6.8040189743042,4.67209053039551,9.3544225692749,125.036994934082,68.7610855102539,2.57958626747131,281.482208251953
38.4449452672247,14.4194899124476,0.543409201101844,0.252038120991782,0.0303179223844264,"CHKO","147",0,0,36.2,48.3,22.5,3,"Dryas","Loose fibric",195,582991.5111,7720006.936,23,6.8040189743042,4.67209053039551,9.3544225692749,125.036994934082,68.7610855102539,2.57958626747131,281.482208251953
34.908843537415,14.2339622641509,0.585405658700535,0.228856076397305,0.0347413823552269,"CHKO","149",45,4.8,28,10.2,0.2,4,"Dryas","Dense mesic",179,582991.5342,7720006.647,24,6.79825496673584,4.67187070846558,9.33237934112549,125.036994934082,68.7610855102539,2.57958626747131,281.482208251953
32.1952021031876,NA,0.617634179297059,0.211065933028024,NA,"CHKO","150",45,0,32.5,24.5,5,5,"Moss","Moss",183,582991.2474,7720006.347,25,6.79825496673584,4.67187070846558,9.33237934112549,125.036994934082,68.7610855102539,2.57958626747131,281.482208251953
35.268247036806,12.6122148638705,0.581137208589003,0.231212260858871,0.0281613561808389,"CHKO","151",90,25.3,37.3,37.8,0.3,6,"Grasses","Dense mesic",199,582990.7254,7720006.235,26,6.80622911453247,4.67227268218994,9.35821723937988,125.462860107422,68.7089538574219,2.63234972953796,277.519775390625
36.8956801470588,12.6026885735624,0.561809024381724,0.241881418541288,0.0262897222649386,"CHKO","152",90,32.5,28.4,28.3,7.5,7,"Forbs","Dense mesic",185,582990.1955,7720006.628,27,6.80622911453247,4.67227268218994,9.35821723937988,125.462860107422,68.7089538574219,2.63234972953796,277.519775390625
36.342645381984,14.1862170087977,0.568377133230593,0.238255822456712,0.0323180224292053,"CHKO","153",90,50,33.7,44,25,8,"Dryas","Dense mesic",170,582989.6249,7720007.721,28,6.81389379501343,4.67312955856323,9.39485740661621,126.204818725586,68.6907577514648,2.98125052452087,236.956161499023
38.4919309961046,14.1355311355311,0.542851175818235,0.252346150948334,0.029334074575786,"CHKO","155",135,0,52.2,29.5,10,10,"Dryas","Dense mesic",175,582993.7312,7720011.091,29,6.84096193313599,4.67068195343018,9.53947162628174,126.968284606934,68.9548721313477,2.4935085773468,185.32829284668
41.3479333744602,12.5298736770229,0.508931907666743,0.271069586967958,0.0221549891738624,"CHKO","157",180,23,22.3,33.7,0.5,11,"Moss","Dense mesic",184,582998.4966,7720008.583,30,6.8214111328125,4.67096471786499,9.36090278625488,125.632698059082,69.0672378540039,2.01569652557373,279.443176269531
33.4472511144131,15.1274248763788,0.602764238546163,0.219274140322518,0.0418148792440926,"CHKO","158",180,35,33.3,23.9,12.5,12,"Grasses","Loose fibric",194,582999.8977,7720002.131,31,6.74885749816895,4.5233473777771,9.33502101898193,122.538757324219,69.2487487792969,3.21811461448669,271.711212158203
36.7583497053045,12.0007710100231,0.563440027252915,0.240981104956391,0.0246124244124303,"CHKO","159",180,50,43.1,41.5,27.5,13,"Grasses","Loose fibric",174,582993.3591,7719994.598,32,6.76986122131348,4.61481380462646,9.43787288665771,123.93904876709,68.9777069091797,3.93287444114685,243.638320922852
38.6342903139254,12.75,0.541160447578083,0.253279432936898,0.0249986970185445,"CHKO","160",225,5.75,31.8,48.5,0.75,14,"Dryas","Dense mesic",182,582983.5562,7719993.929,33,6.85036897659302,4.67627954483032,9.40981864929199,125.26180267334,68.214111328125,5.55149173736572,248.041748046875
NA,13.3296089385475,NA,NA,NA,"CHKO","161",225,20,30.3,35.8,15,15,"Dryas","Loose fibric",182,582974.1888,7720003.068,34,6.81031942367554,4.62698459625244,9.49871730804443,125.813659667969,67.9846954345703,2.59830498695374,218.962280273438
39.8730964467005,16.4326375711575,0.52644778566864,0.261400822310911,0.035377741861884,"CHKO","162",270,24,13.2,49.5,1,16,"Dryas","Dense mesic",178,582973.6688,7720016.481,35,6.76637506484985,4.54032468795776,9.32165622711182,123.387451171875,68.0311584472656,3.08221530914307,263.694793701172
41.4771003942978,18.0261194029851,0.507397857549907,0.271916382632451,0.0388378934402603,"CHKO","164",270,7.5,42.5,29.2,17.5,17,"Dryas","Dense mesic",185,582987.3731,7720029.015,36,6.79958915710449,4.58712816238403,9.42956447601318,125.370384216309,68.6427688598633,4.6177282333374,292.929718017578
39.3160967472894,12.9102609939221,0.533062983998938,0.257749232832586,0.0248184949446884,"CHKO","165",270,0,34.5,31.1,30,18,"Grasses","Loose fibric",191,583015.4492,7720012.653,37,6.74819755554199,4.66439247131348,9.25133419036865,122.399848937988,69.8346710205078,2.08974313735962,264.734771728516
37.5577949021933,13.4825122226401,0.553945428715044,0.246222123349295,0.02832620220509,"CHKO","167",315,11.75,46,14.6,1.75,19,"Dryas","Dense mesic",197,582995.8972,7719979.899,38,6.84149074554443,4.650071144104,9.40330791473389,125.110794067383,68.5096664428711,5.2091326713562,291.177490234375
40.1423097974822,14.4738805970149,0.523250477464582,0.263165736439551,0.0285174235857476,"CHKO","168",315,30,51.4,43.9,20,20,"Willow shrub","Dense mesic",164,582966.8831,7720001.326,39,6.85822486877441,4.67916631698608,9.50955486297607,127.186904907227,67.63720703125,3.89317655563354,217.622650146484
32.9137115839243,NA,0.609100812542466,0.215776351476559,NA,"DG","25",0,NA,64.2,41.5,0.1,1,"Moss","Mineral",174,582097.4474,7719565.787,40,7.12062644958496,5.04324913024902,9.77629661560059,139.546752929688,5.17530727386475,3.73189806938171,225.097991943359
34.2133417243549,14.2616342982778,0.593665775245191,0.224296492064655,0.0360770643883865,"DG","26",0,NA,55.3,19.8,2.5,2,"Moss","Mineral",179,582097.6265,7719565.802,41,7.12062644958496,5.04324913024902,9.77629661560059,139.546752929688,5.17530727386475,3.73189806938171,225.097991943359
33.5668400122362,NA,0.601343942847551,0.220058143548152,NA,"DG","27",0,NA,50.4,19.6,22.5,3,"Moss","Mineral",182,582097.7618,7719565.573,42,7.12742233276367,5.04376220703125,9.79419231414795,139.546752929688,5.17530727386475,3.73189806938171,225.097991943359
39.5354053188081,14.0446927374302,0.530458369135296,0.259186980237317,0.0278790378074451,"DG","28",45,NA,61.3,41.9,0.2,4,"Willow shrub","Very dense humic",190,582097.7336,7719565.254,43,7.12742233276367,5.04376220703125,9.79419231414795,139.546752929688,5.1830735206604,3.78107666969299,244.155502319336
33.516693163752,11.4951887490748,0.601939511119335,0.219729389862127,0.0264484880832402,"DG","29",45,NA,48,18.8,5,5,"Willow shrub","Litter",196,582097.414,7719564.953,44,7.12742233276367,5.04376220703125,9.79419231414795,139.909957885742,5.1830735206604,3.78107666969299,244.155502319336
41.8938480096502,12.8141459744168,0.50244836093052,0.274648504766353,0.0224435214086472,"DG","30",90,NA,61.9,38.4,0.3,6,"Willow shrub","Very dense humic",193,582096.8998,7719564.992,45,7.16674184799194,5.04461193084717,9.89620494842529,139.814605712891,5.11306381225586,4.24711275100708,221.138397216797
36.2890980868509,14.59375,0.569013086854502,0.237904776056315,0.0339442026525591,"DG","31",90,NA,61.2,13.8,7.5,7,"Willow shrub","Litter",174,582096.1955,7719565.519,46,7.16674184799194,5.04461193084717,9.89620494842529,139.456604003906,5.14248371124268,3.02866315841675,228.134353637695
32.9123791705644,12.7319236016371,0.609116636929164,0.215767616415101,0.0318493881820876,"DG","32",90,NA,37.6,6.7,25,8,"Willow shrub","Very dense humic",194,582095.9591,7719566.877,47,7.14945554733276,5.04510927200317,9.86001968383789,139.247940063477,5.17183017730713,4.53833484649658,231.292709350586
40.2176578786021,14.3241379310345,0.522355607142493,0.263659704857344,0.02798884100323,"DG","34",135,NA,57.5,35.8,0.4,9,"Willow shrub","Very dense humic",178,582097.3162,7719568.167,48,7.12147188186646,5.04290819168091,9.80253982543945,138.9365234375,5.32742023468018,4.36048555374146,198.591873168945
36.03003003003,13.6240601503759,0.572089904631472,0.236206372643427,0.0307099301596698,"DG","35",135,NA,52.5,14.5,10,10,"Willow shrub","Very dense humic",192,582101.4911,7719568.471,49,7.11415338516235,5.04147958755493,9.77028369903564,139.41423034668,5.54815101623535,9.83976364135742,226.582412719727
32.9255483472351,14.2011278195489,0.608960233405759,0.215853951160021,0.0383094727858072,"DG","37",180,NA,53.9,16.7,0.5,11,"Willow shrub","Very dense humic",175,582104.6692,7719564.137,50,7.07767009735107,5.04356861114502,9.7100944519043,138.541473388672,5.59653472900391,7.44834756851196,225.018737792969
NA,16.1047463175123,NA,NA,NA,"DG","38",180,NA,46.8,23.5,12.5,12,"Willow shrub","Dense mesic",182,582103.838,7719558.02,51,7.15934371948242,5.04619216918945,9.90260028839111,140.387985229492,5.03801679611206,9.07266616821289,217.055770874023
32.6323891625616,11.2042459736457,0.612441933936323,0.21393205246715,0.026491737497762,"DG","39",180,NA,46.2,20.6,27.5,13,"Forbs","Very dense humic",190,582098.7657,7719553.14,52,7.21988391876221,5.05108642578125,9.93655204772949,139.977035522461,4.17684936523438,5.75948715209961,216.562408447266
NA,15.0580130529369,NA,NA,NA,"DG","40",225,NA,62.6,29.9,0.75,14,"Willow shrub","Dense mesic",175,582086.1624,7719555.745,53,7.17647361755371,5.05642032623291,9.91358947753906,140.226348876953,4.02354383468628,3.62865614891052,214.322509765625
33.0526918671248,14.7715156130998,0.607450215354812,0.216687481124144,0.0408839571160642,"DG","41",225,NA,34.2,31.2,15,15,"Moss","Loose fibric",180,582079.9934,7719567.888,54,7.13251447677612,5.04748630523682,9.83252620697021,138.271072387695,4.2632303237915,5.4355845451355,224.757049560547
NA,11.6176470588235,NA,NA,NA,"DG","42",270,NA,65.8,41.5,1,16,"Willow shrub","Dense mesic",177,582084.3979,7719580.667,55,7.18853092193604,5.04286050796509,9.83879280090332,136.975891113281,5.21832084655762,5.56920051574707,219.852600097656
28.6918274687855,11.3729809104258,0.659241954052429,0.188098441363059,0.0331404002337895,"DG","44",270,NA,46.4,9,17.5,17,"Willow shrub","Very dense humic",177,582095.3063,7719587.983,56,7.24564218521118,5.0351185798645,9.88406944274902,139.938827514648,6.75117349624634,8.05733489990234,247.894805908203
NA,NA,NA,NA,NA,"DG","45",270,NA,47.6,20.4,30,18,"Willow shrub","Dense mesic",135,582121.8548,7719560.727,57,7.19939804077148,5.04439640045166,9.87429428100586,139.582290649414,5.98762178421021,4.9391016960144,182.436676025391
31.2244301578025,8.54314531191632,0.62916353731826,0.20470172740032,0.0192914928953605,"DG","47",315,NA,52.2,20.4,1.75,19,"Willow shrub","Dense mesic",184,582100.7371,7719538.14,58,7.22505903244019,5.05464124679565,9.86703205108643,139.082229614258,3.61232733726501,5.31986141204834,250.828018188477
32.8638086905803,10.4770256050509,0.609693483484794,0.215449197116394,0.023788983934585,"DG","48",315,NA,4.9,49.3,20,20,"Willow shrub","Very dense humic",186,582067.6193,7719569.912,59,7.22237873077393,5.05176496505737,9.93145561218262,139.121765136719,3.66831088066101,6.8358302116394,227.484893798828
34.6312124089902,12.5197415649677,0.588702940510805,0.227035976838036,0.0286328452573465,"ECN","73",0,22.4,22.3,36.1,0.1,1,"Sedge","Loose fibric",181,582735.9968,7719907.938,60,6.97974014282227,4.79717254638672,9.70141220092773,131.677124023438,47.6734924316406,3.69356989860535,229.422302246094
52.7367424242424,17.0860685630926,0.373672892823724,0.345732563161304,0.0243432842841973,"ECN","74",0,20,27.3,48.5,2.5,2,"Sedge","Loose fibric",179,582736.0742,7719907.969,61,6.97974014282227,4.79717254638672,9.70141220092773,131.677124023438,47.7216491699219,3.56485795974731,226.286804199219
39.9130434782609,17.7143882310728,0.525973355365073,0.26166270783848,0.0403600715307059,"ECN","75",0,0,24.5,42.4,22.5,3,"Sedge","Loose fibric",169,582736.2308,7719907.881,62,6.97865343093872,4.79709768295288,9.68175220489502,131.677124023438,47.7216491699219,3.56485795974731,226.286804199219
34.9073792894018,12.9163636363636,0.585423048819457,0.22884647705166,0.0296806364334508,"ECN","77",45,4.8,20,42.4,0.2,4,"Sedge","Loose fibric",169,582736.2555,7719907.639,63,6.98536348342896,4.79774904251099,9.69427394866943,131.677124023438,47.7216491699219,3.56485795974731,226.286804199219
38.7556492919554,14.5272314674735,0.539719129549223,0.254075040488829,0.0302890453869726,"ECN","78",45,0,22,44.6,5,5,"Sedge","Loose fibric",178,582735.9592,7719907.329,64,6.9878044128418,4.79794263839722,9.71588516235352,131.677124023438,47.6734924316406,3.69356989860535,229.422302246094
36.2073170731707,13.9838025453143,0.569984357800823,0.237368634493946,0.0317660030326068,"ECN","79",90,25.3,18.7,41.7,0.3,6,"Sedge","Loose fibric",181,582735.5056,7719907.22,65,6.9878044128418,4.79794263839722,9.71588516235352,132.344390869141,47.6309509277344,3.20214557647705,220.991958618164
37.3567356735674,16.6692073170732,0.55633330553958,0.244904015342152,0.0407658575209366,"ECN","80",90,32.5,44.5,48.1,7.5,7,"Sedge","Loose fibric",187,582735.0039,7719907.745,66,7.00610542297363,4.79851150512695,9.73847484588623,132.344390869141,47.6058807373047,2.67494440078735,137.810470581055
38.0433417085427,18.0007418397626,0.548178839566001,0.249405280559567,0.0456865408435742,"ECN","81",90,50,15.6,35.9,25,8,"Sedge","Loose fibric",182,582734.5398,7719908.879,67,6.98870801925659,4.79713249206543,9.71960258483887,132.790328979492,47.676830291748,1.58216094970703,150.811813354492
34.560968896229,16.8565169769989,0.589537186505594,0.226575473048912,0.048659195223344,"ECN","82",135,9.6,16.5,39.2,0.4,9,"Sedge","Loose fibric",180,582735.6285,7719910.264,68,6.96162176132202,4.79593324661255,9.6757698059082,131.302444458008,47.8013000488281,4.4564847946167,217.056442260742
35.2187028657617,12.1444444444444,0.581725619171476,0.230887458217345,0.0266616573684053,"ECN","83",135,0,44.4,16.4,10,10,"Sedge","Loose fibric",177,582739.054,7719911.524,69,6.99219608306885,4.78663492202759,9.70510292053223,131.119033813477,47.9979820251465,3.85493111610413,224.941497802734
37.2431769395891,14.9750712250712,0.557681984090391,0.244159544782104,0.0339352589265749,"ECN","85",180,23,22.3,42.3,0.5,11,"Moss","Dense mesic",180,582743.3826,7719908.326,70,6.99536514282227,4.77354955673218,9.63577365875244,131.026870727539,48.0134048461914,1.63643527030945,244.396286010742
40.1403294691885,12.7249637155297,0.523273996802987,0.263152753764751,0.023599729370083,"ECN","86",180,35,41.7,6.5,12.5,12,"Moss","Moss",200,582743.8701,7719901.824,71,7.01209688186646,4.79868459701538,9.63541412353516,131.774383544922,47.8305130004883,6.61651706695557,262.048706054688
30.9312839059675,14.7579693034238,0.632645084252168,0.202779913492803,0.0464697954938761,"ECN","87",180,50,43.3,21.4,27.5,13,"Litter","Litter",165,582737.1446,7719895.408,72,6.95713424682617,4.80273294448853,9.6298131942749,130.71711730957,47.0176277160645,8.97252941131592,253.857437133789
34.8201839977697,12.6942404329339,0.586458622354279,0.228274840460438,0.0290051351743108,"ECN","88",225,5.75,23.2,41.1,0.75,14,"Equisetum and Pedicites","Moss",178,582726.9242,7719895.931,73,6.95049524307251,4.80650234222412,9.66373825073242,131.480392456055,46.3066940307617,7.17288064956665,221.54719543457
31.4408901251738,18.5401459854015,0.626592753857793,0.206120799870498,0.0820498157021702,"ECN","89",225,20,31.4,28,15,15,"Moss","Moss",162,582718.5567,7719906.677,74,6.89102745056152,4.80046701431274,9.77679920196533,132.41374206543,46.7079544067383,5.66744041442871,159.110229492188
34.6997228210656,14.4159758854559,0.587889277659553,0.227485118731927,0.0358689957478357,"ECN","90",270,24,19.9,41.2,1,16,"Dryas","Dense mesic",129,582720.6479,7719920.574,75,6.82208395004272,4.79226636886597,9.7014274597168,131.399429321289,48.3358154296875,11.5769367218018,163.213317871094
39.0346133044889,14.4817518248175,0.536406017761414,0.255903878195699,0.0298033564933568,"ECN","92",270,7.5,24.5,40.1,17.5,17,"Sedge and equisetum","Loose fibric",164,582732.8051,7719930.023,76,6.83292436599731,4.71078395843506,9.71666812896729,130.497222900391,48.7714462280273,2.51499009132385,140.46745300293
33.9737609329446,12.5037147102526,0.596511152815385,0.222725843645908,0.0294341342016003,"ECN","93",270,0,35,42.7,30,18,"Forbs","Dense mesic",162,582761.521,7719909.705,77,6.96960020065308,4.78310489654541,9.55138301849365,129.373687744141,50.0981140136719,5.06820106506348,196.333923339844
50.6449721489299,19.5696571845368,0.398515770202732,0.332019294848092,0.0317917159385684,"ECN","95",315,11.75,27.1,48.7,1.75,19,"Litter","Litter",174,582738.5316,7719880.603,78,6.96934795379639,4.81337547302246,9.67796230316162,133.645217895508,45.0171813964844,12.7610445022583,206.989761352539
37.6711970726607,10.7592592592593,0.552598609588352,0.24696556750723,0.0204319754199068,"ECN","96",315,30,38.6,36.1,20,20,"Moss","Loose fibric",161,582711.2289,7719906.03,79,6.86014556884766,4.76268291473389,9.75806903839111,132.556823730469,46.8118896484375,8.38465690612793,166.653930664062
40.0153092467851,14,0.52475879754412,0.262333143755646,0.0272452581209142,"ECS","101",45,4.8,36.8,26.5,0.2,4,"Litter","Dense mesic",184,582582.7917,7719752.105,80,7.19544315338135,4.82756996154785,9.37628555297852,132.355133056641,40.8187637329102,11.1594486236572,54.2812385559082
36.1605748203686,13.4625135820355,0.570539491444553,0.237062200722607,0.0299669267127997,"ECS","102",45,0,34.3,26.1,5,5,"Litter","Dense mesic",178,582582.5361,7719751.843,81,7.19544315338135,4.82756996154785,9.37628555297852,131.938095092773,40.8187637329102,11.1594486236572,54.2812385559082
35.5348258706468,NA,0.577971189184718,0.232959903570036,NA,"ECS","103",90,25.3,34.2,33.7,0.3,6,"Dryas","Dense mesic",168,582582.1227,7719751.707,82,7.19024133682251,4.82726240158081,9.33953285217285,131.938095092773,40.8187637329102,11.1594486236572,54.2812385559082
33.7458745874588,12.5927299703264,0.599217641479112,0.22123186190353,0.0300762006760756,"ECS","104",90,32.5,16.2,7,7.5,7,"Litter","Dense mesic",139,582581.5501,7719752.202,83,7.20527696609497,4.83030986785889,9.36525440216064,132.875137329102,40.998908996582,12.7110843658447,71.4904174804688
39.4505151420543,11.2467819051122,0.531466566008856,0.258630455563111,0.0203814385676991,"ECS","105",90,50,20,30.4,25,8,"Willow shrub","Loose fibric",160,582580.9636,7719753.192,84,7.19445466995239,4.82931327819824,9.37571144104004,133.220687866211,41.2507133483887,13.2303295135498,87.8627243041992
39.0633693972179,18.2441942294159,0.536064496470096,0.256092397948507,0.0445074278287207,"ECS","106",135,9.6,36.2,27.1,0.4,9,"Willow shrub","Dense mesic",175,582582.0503,7719754.829,85,7.18960666656494,4.82969903945923,9.4112606048584,132.674591064453,40.9678153991699,12.3002958297729,85.7945404052734
37.5547341484219,15.7925925925926,0.553981779709953,0.246202057600106,0.0366315289123143,"ECS","107",135,0,45.9,14.5,10,10,"Moss","Moss",166,582585.3368,7719756.337,86,7.18801927566528,4.83408451080322,9.44160842895508,133.801727294922,40.0881423950195,6.82647132873535,96.9836883544922
34.3670886075949,14.2522711390636,0.591839802760155,0.225304428876394,0.035758759686834,"ECS","109",180,27,35.5,13.3,0.5,11,"Moss","Moss",151,582589.8365,7719753.387,87,7.17602682113647,4.85578727722168,9.43845462799072,131.193878173828,39.562557220459,10.938892364502,84.2323379516602
32.8584392014519,NA,0.609757254139526,0.215413995714982,NA,"ECS","110",180,15,46.2,8.2,12.5,12,"Moss","Dense mesic",158,582590.8278,7719747.136,88,7.14890289306641,4.83700799942017,9.17311954498291,129.179229736328,40.2283630371094,14.92431640625,58.9316825866699
39.2225741433919,13.5687453042825,0.534173703760191,0.257136115524374,0.0267897833788173,"ECS","111",180,0,31.2,20.4,27.5,13,"Moss","Dense mesic",208,582584.3833,7719740.319,89,7.14365196228027,4.81686067581177,9.2006664276123,128.168930053711,42.8922691345215,18.6293163299561,3.06235980987549
36.265335235378,12.2403776325345,0.569295305993135,0.237748991091789,0.0258316413771096,"ECS","112",225,5.75,33.6,11.8,0.75,14,"Dryas","Dense mesic",181,582574.5918,7719740.325,90,7.1085991859436,4.80948686599731,9.45852184295654,128.622650146484,44.328239440918,7.81883907318115,48.530632019043
33.7778465346535,12.8838547285149,0.598837927141883,0.221441464217681,0.0311370586841009,"ECS","113",225,20,48.5,21.9,15,15,"Willow shrub","Dense mesic",146,582565.581,7719750.226,91,7.15797758102417,4.80658102035522,9.33698844909668,128.983139038086,44.088939666748,14.0317096710205,63.4050178527832
35.5900621118012,13.4383852691218,0.577315176819463,0.233322022395657,0.030640159398935,"ECS","114",270,24,18,14.7,1,16,"Moss","Dense mesic",174,582565.2897,7719763.236,92,7.20129537582397,4.81861066818237,9.34299087524414,132.810531616211,42.3766784667969,6.81106233596802,54.4450874328613
39.7583697234352,12.8228571428571,0.527810335826185,0.260648694623946,0.0241854958289444,"ECS","116",270,7.5,23.3,22.4,17.5,17,"Moss","Moss",147,582578.717,7719774.439,93,7.15477514266968,4.82748985290527,9.56432151794434,133.798095703125,41.439754486084,6.88140058517456,122.233978271484
44.787969924812,10.773313115997,0.468076366688693,0.293621845587841,0.0163265898142305,"ECS","117",270,0,64.4,26.9,30,18,"Moss","Moss",142,582607.0287,7719755.705,94,7.21497917175293,4.85316896438599,9.70068740844727,137.731536865234,37.5555267333984,7.47854614257812,120.177238464355
NA,11.342543393553,NA,NA,NA,"ECS","119",315,11.75,38.2,27.8,1.75,19,"Dryas","Dense mesic",159,582586.4158,7719725.621,95,6.97401332855225,4.54316806793213,9.73739528656006,131.06770324707,43.0036735534668,8.22663497924805,106.501998901367
37.4045112781955,10.5930018416206,0.555765899308842,0.245217223581519,0.0202002292482297,"ECS","120",315,30,40.4,36.2,20,20,"Bare soil","Mineral",179,582553.1529,7719748.448,96,7.17164516448975,4.80276250839233,9.36816692352295,127.999504089355,45.072868347168,1.43167686462402,33.9645385742188
38.9850655288022,14.0534521158129,0.536994471154368,0.255579051922789,0.0285075887574737,"ECS","97",0,27.6,37.4,23.8,0.1,1,"Forbs","Dense mesic",173,582582.4756,7719752.459,97,7.19544315338135,4.82756996154785,9.37628555297852,132.355133056641,40.7341537475586,12.5522260665894,73.8509674072266
38.2991985752449,16.1659192825112,0.545140159438897,0.251082631989729,0.0368714023286875,"ECS","98",0,30,53.3,27.4,2.5,2,"Moss","Dense mesic",183,582582.6107,7719752.519,98,7.19544315338135,4.82756996154785,9.37628555297852,132.355133056641,40.7341537475586,12.5522260665894,73.8509674072266
33.6534383520145,11.1508085746521,0.600315459002203,0.220625866630784,0.0251443035119366,"ECS","99",0,50,24.7,38.7,22.5,3,"Litter","Dense mesic",183,582582.8195,7719752.433,99,7.19544315338135,4.82756996154785,9.37628555297852,132.355133056641,40.7341537475586,12.5522260665894,73.8509674072266
35.3902154921374,18.6261510128913,0.579688652112382,0.232011864033965,0.0579853207541101,"ECW","121",0,22.4,18.5,36.9,0.1,1,"Willow shrub","Loose fibric",116,582666.9291,7719720.625,100,7.27065944671631,4.76185607910156,9.87289333343506,134.114273071289,27.6074447631836,11.9298706054688,133.471221923828
34.9842569269521,12.415080253826,0.584510012744036,0.229350472965292,0.0278353969915727,"ECW","122",0,20,33.7,39.7,2.5,2,"Willow shrub","Loose fibric",133,582667.0322,7719720.666,101,7.27065944671631,4.76185607910156,9.87289333343506,134.114273071289,27.6074447631836,11.9298706054688,133.471221923828
35.0957095709571,15.3210010881393,0.583186347138277,0.230081136379671,0.0391536317410559,"ECW","123",0,0,31.5,51.7,22.5,3,"Willow shrub","Loose fibric",145,582667.2358,7719720.635,102,7.28121471405029,4.83998107910156,9.84270477294922,134.114273071289,27.4819736480713,9.33298683166504,157.713455200195
33.0924369747899,16.0719754977029,0.606978183197269,0.216948042875107,0.0482227827667615,"ECW","125",45,4.8,21.6,34.9,0.2,4,"Willow shrub","Dense mesic",141,582667.237,7719720.317,103,7.28121471405029,4.83998107910156,9.84270477294922,134.114273071289,27.4819736480713,9.33298683166504,157.713455200195
45.7340533243334,4.23050615595075,0.456840221801265,0.299824197565702,0.00543222367293747,"ECW","126",45,0,35.2,51.9,5,5,"Willow shrub","Loose fibric",133,582667.0817,7719720.087,104,7.27065944671631,4.76185607910156,9.87289333343506,134.114273071289,27.438512802124,13.6071643829346,142.071746826172
36.0502512562814,15.3441715669319,0.571849747550102,0.236338939352344,0.0374166209559838,"ECW","127",90,25.3,18.8,43.1,0.3,6,"Willow shrub","Loose fibric",115,582666.554,7719719.854,105,7.27065944671631,4.76185607910156,9.87289333343506,137.221176147461,27.438512802124,13.6071643829346,142.071746826172
36.5841902313625,13.5447338618347,0.565508429556265,0.239839346884942,0.0297077209955165,"ECW","128",90,32.5,57.6,42.9,7.5,7,"Willow shrub","Dense mesic",133,582666.0861,7719720.156,106,7.28239822387695,4.77316999435425,9.88187026977539,136.525634765625,27.6739082336426,15.8241128921509,139.157485961914
39.0304295942721,13.3562349708004,0.53645570553121,0.255876450546772,0.026360799277026,"ECW","129",90,50,61.3,30.9,25,8,"Willow shrub","Loose fibric",140,582665.4856,7719721.454,107,7.26644372940063,4.74950170516968,9.84000015258789,137.599212646484,27.8994541168213,11.0396928787231,122.614471435547
36.4650406504065,14.7364620938628,0.566923507714887,0.239058223741382,0.0342233757733012,"ECW","130",135,9.6,31.5,51.7,0.4,9,"Willow shrub","Dense mesic",160,582666.1365,7719722.748,108,7.24485397338867,4.76514005661011,9.7963695526123,135.268524169922,27.9034824371338,9.30093669891357,147.259490966797
37.189415940626,15.8912960851387,0.558320475764537,0.243807097377976,0.0376775821592394,"ECW","131",135,0,52.4,37.8,10,10,"Moss","Loose fibric",147,582669.3171,7719724.767,109,7.31119203567505,4.90341424942017,9.79034042358398,138.402862548828,27.8747463226318,6.13044166564941,144.349365234375
33.3937592867756,17.0462762111352,0.603399533411216,0.218923457557009,0.0538560390587503,"ECW","133",180,23,28.8,50.3,0.5,11,"Forbs","Dense mesic",222,582673.8121,7719723.183,110,7.33181285858154,4.90275192260742,9.71582317352295,136.413787841797,28.3764953613281,15.4443445205688,284.571014404297
35.8713762079307,11.6842105263158,0.573974154300111,0.235166266826339,0.0245308854462259,"ECW","134",180,35,47.8,31.5,12.5,12,"Moss","Moss",178,582675.1572,7719715.121,111,7.32586860656738,4.90787935256958,9.80616664886475,137.851684570312,28.2605400085449,8.01733016967773,242.599578857422
38.1614349775785,15.2939068100358,0.546776306679591,0.250179478712866,0.0337497215366542,"ECW","135",180,50,65.6,11.4,27.5,13,"Forbs","Dense mesic",210,582671.0422,7719708.777,112,7.33281278610229,4.91452407836914,9.76711463928223,137.871841430664,27.3198356628418,13.8413181304932,271.751159667969
39.409375,19.0100111234705,0.531955166270784,0.258360748218527,0.0475365565009603,"ECW","136",225,5.75,23.9,43.1,0.75,14,"Litter","Litter",142,582659.4863,7719707.655,113,7.25699090957642,4.94232130050659,9.84858417510986,134.61116027832,26.7726955413818,16.378023147583,130.511093139648
35.3149001536098,15.2495511669659,0.580583133567579,0.231518110270696,0.0383901510991546,"ECW","137",225,20,35.2,40.7,15,15,"Willow shrub","Dense mesic",147,582650.844,7719714.454,114,7.25196409225464,4.89526128768921,9.78333187103271,136.578750610352,29.2109222412109,10.170802116394,142.530685424805
32.6692708333333,14.5607476635514,0.612003909342835,0.214173842042755,0.0406780684618641,"ECW","138",270,24,26.4,47.1,1,16,"Equisetum","Loose fibric",157,582650.1168,7719730.881,115,7.25529909133911,4.88601636886597,9.79641723632812,136.435546875,30.5421409606934,8.81458187103271,165.283325195312
35.8422174840085,15.5831809872029,0.574320457434578,0.234975107496113,0.0388649814164803,"ECW","140",270,7.5,32.4,27.7,17.5,17,"Willow shrub","Dense mesic",142,582659.5086,7719740.972,116,7.15665006637573,4.85279989242554,9.85427474975586,136.484298706055,31.8464412689209,11.0394515991211,140.60595703125
36.8462859596393,12.5154489276627,0.562395653685994,0.241557599165332,0.0260731677970664,"ECW","141",270,0,58.2,33.9,30,18,"Willow shrub","Mineral",161,582689.8895,7719729.288,117,7.09298229217529,4.89346170425415,9.62254810333252,133.397308349609,31.1694450378418,8.80350875854492,239.137390136719
36.0576293385724,13.3296662999633,0.571762121869687,0.236387308727933,0.029637962203017,"ECW","143",315,11.75,30,31.1,1.75,19,"Willow shrub","Litter",182,582676.1854,7719694.738,118,7.33125448226929,4.91265201568604,9.81288051605225,139.641677856445,27.5633316040039,12.6913061141968,215.859222412109
34.7060518731989,14.8133524766691,0.58781411076961,0.227526610855175,0.0376019969589996,"ECW","144",315,30,52.2,21.8,20,20,"Willow shrub","Dense mesic",123,582644.0021,7719711.747,119,7.16709661483765,4.77770328521729,9.71450138092041,131.995147705078,30.101713180542,12.2584257125854,140.991806030273
45.9120425029516,16.6777133388567,0.454726336069459,0.300991062489659,0.0288444842439807,"FO","1",0,NA,62.2,55.2,0.1,1,"Sedge and equisetum","Loose fibric",184,581980.5536,7719455.272,120,7.20756483078003,5.06295204162598,9.75455474853516,136.042404174805,1.03029274940491,1.55394947528839,1.344367146492
42.2038136917787,9.74617524339361,0.498767058292415,0.276680583822587,0.015509147604883,"FO","10",135,NA,58.8,56.4,0.4,9,"Willow shrub","Loose fibric",180,581980.4147,7719457.503,121,7.21696186065674,5.06338214874268,9.75112438201904,136.257431030273,1.29121029376984,3.21826076507568,215.687240600586
38.0510018214936,15.8457080767838,0.548087864352807,0.24945549887725,0.0360156576827566,"FO","11",135,NA,67.6,31.7,10,10,"Moss","Moss",177,581983.9943,7719458.777,122,7.03079557418823,4.83875942230225,9.59396266937256,132.97624206543,1.12274837493896,2.59708952903748,74.2705230712891
43.4904776771776,15.5850867478775,0.483486013335182,0.285115720638979,0.0282511325119372,"FO","13",180,NA,58.6,57.4,0.5,11,"Willow shrub","Loose fibric",185,581988.0003,7719455.641,123,6.91023969650269,4.75341749191284,9.53741550445557,133.311630249023,1.21526384353638,3.37760972976685,289.433624267578
46.3677488025546,16.2452399086062,0.449314147238069,0.303978590724586,0.0273025883501738,"FO","14",180,NA,65.4,47.8,12.5,12,"Sedge and equisetum","Loose fibric",193,581988.5714,7719449.114,124,7.2377724647522,5.01194095611572,9.84326362609863,135.927108764648,1.19911587238312,3.74499177932739,4.79383373260498
35.7940941739824,NA,0.574891993183106,0.234659619762925,NA,"FO","15",180,NA,52.1,42.8,27.5,13,"Willow shrub","Dense mesic",184,581980.8666,7719442.769,125,7.03160095214844,4.94166994094849,9.66094017028809,135.538513183594,1.17072832584381,1.30892741680145,334.750854492188
39.6028665273216,18.2948294829483,0.529657167133948,0.259629243742061,0.0435571905233472,"FO","16",225,NA,61.5,54,0.75,14,"Willow shrub","Loose fibric",173,581971.3477,7719443.18,126,7.00132179260254,4.85688924789429,9.61289119720459,133.485473632812,0.961446225643158,0.353488057851791,337.482635498047
36.970823798627,15.0149812734082,0.56091658196405,0.242374046755845,0.034509258668349,"FO","17",225,NA,68.4,48.8,15,15,"Forbs","Dense mesic",196,581963.2261,7719453.778,127,7.03257369995117,4.89830827713013,9.66950702667236,134.424713134766,1.14783036708832,1.75322043895721,239.668121337891
39.7380191693291,18.9308411214953,0.528052028867826,0.26051528006496,0.0463240082062604,"FO","18",270,NA,62.5,51.4,1,16,"Willow shrub","Loose fibric",177,581965.2027,7719467.539,128,7.21834135055542,5.06517934799194,9.87666034698486,139.376510620117,1.18614101409912,0.416289240121841,283.178344726562
47.5846568774348,11.939901103081,0.434861557275121,0.311956420384133,0.0172310414330257,"FO","2",0,NA,59.7,51.5,2.5,2,"Willow shrub","Loose fibric",191,581980.8202,7719455.31,129,7.20756483078003,5.06295204162598,9.75455474853516,136.042404174805,1.03029274940491,1.55394947528839,1.344367146492
NA,13.6899399399399,NA,NA,NA,"FO","20",270,NA,29,11,17.5,17,"Moss","Moss",185,581980.1164,7719477.452,130,7.38634777069092,5.03664922714233,9.87419319152832,138.332275390625,1.26406526565552,3.23301410675049,187.788040161133
NA,12.9779969650986,NA,NA,NA,"FO","21",270,NA,51.9,65.2,30,18,"Willow shrub","Loose fibric",188,582007.9849,7719457.209,131,7.50612306594849,5.06797122955322,9.82945728302002,142.032043457031,1.30085146427155,0.580244719982147,330.184875488281
37.7675276752767,28.6914688903143,0.551454540673673,0.247597093548133,NA,"FO","23",315,NA,57.9,52.6,1.75,19,"Sedge and equisetum","Loose fibric",NA,581981.4908,7719427.872,132,NA,NA,NA,NA,1.01723802089691,2.3627564907074,311.266082763672
36.9502074688797,14.9063400576369,0.56116143148599,0.242238889819734,0.0341228461110564,"FO","24",315,NA,60.3,42.3,20,20,"Willow shrub","Moss",NA,581951.0975,7719453.023,133,NA,NA,NA,134.031036376953,0.967369198799133,2.81188750267029,76.9759292602539
39.8328857057595,13.2480916030534,0.526925347912595,0.261137207952247,0.0252821973337103,"FO","3",0,NA,26.5,30.3,22.5,3,"Willow shrub","Loose fibric",180,581980.9079,7719455.135,134,7.20756483078003,5.06295204162598,9.75455474853516,136.042404174805,1.03029274940491,1.55394947528839,1.344367146492
50.7036114570361,18.1969486823856,0.397819341365367,0.332403723566318,0.0283151514806364,"FO","5",45,NA,66.8,51.9,0.2,4,"Sedge and equisetum","Loose fibric",179,581980.8941,7719454.779,135,7.20756483078003,5.06295204162598,9.75455474853516,136.032348632812,1.03029274940491,1.55394947528839,1.344367146492
40.622508432996,19.69013006886,0.517547405783895,0.26631383200729,0.0480217148269104,"FO","6",45,NA,62.8,50.2,5,5,"Sedge and equisetum","Loose fibric",185,581980.6061,7719454.601,136,7.20569276809692,5.06278848648071,9.75469398498535,136.032348632812,1.03029274940491,1.55394947528839,1.344367146492
44.5543981481482,20.8445706174592,0.470850378288027,0.292090591185009,0.0446601328531463,"FO","7",90,NA,62.5,51.5,0.3,6,"Sedge and equisetum","Loose fibric",182,581980.1113,7719454.359,137,7.1941237449646,5.06242990493774,9.74289608001709,136.032348632812,1.12951946258545,3.52192378044128,55.1295394897461
28.8395370659994,10.4767143381005,0.65748768330167,0.189066798817478,0.0288472359951168,"FO","8",90,NA,66.6,44,7.5,7,"Sedge and equisetum","Loose fibric",169,581979.595,7719454.931,138,7.19638013839722,5.06260442733765,9.74160003662109,135.198913574219,1.07307147979736,4.23823738098145,62.2338829040527
35.1022248947685,15.4770575382374,0.583108967995624,0.230123849666416,0.0398725093694654,"FO","9",90,NA,67.9,33.2,25,8,"Willow shrub","Loose fibric",164,581979.4625,7719456.217,139,7.20106363296509,5.06282901763916,9.73750877380371,135.267227172852,1.06450033187866,3.0852792263031,124.963249206543
38.3297380585516,13.5662188099808,0.544777457736917,0.251282843329222,0.0277237339934351,"FP","49",0,NA,55.4,25.5,0.1,1,"Dryas","Dense mesic",171,582308.9493,7719686.088,140,7.02390193939209,4.87468004226685,9.78654956817627,136.240386962891,35.2136421203613,9.90910530090332,200.052307128906
34.7603396329773,13.3689642462219,0.587169363028774,0.227882511608117,0.0315530613053044,"FP","50",0,NA,53,14.7,2.5,2,"Dryas","Dense mesic",132,582309.1141,7719686.14,141,7.02390193939209,4.87468004226685,9.78654956817627,136.240386962891,35.2136421203613,9.90910530090332,200.052307128906
NA,NA,NA,NA,NA,"FP","51",0,NA,54.4,19.9,22.5,3,"Dryas","Dense mesic",134,582309.2465,7719686.088,142,7.03416395187378,4.8722357749939,9.81491756439209,136.240386962891,35.1981239318848,9.35606575012207,193.20719909668
40.7025688641288,9.96332966629997,0.516596569309635,0.266838693741082,0.0166936197584127,"FP","53",45,NA,47.2,20.9,0.2,4,"Litter","Litter",93,582309.2832,7719685.594,143,7.04396867752075,4.87311220169067,9.83189868927002,136.467147827148,35.1981239318848,9.35606575012207,193.20719909668
39.7829036635007,11.7117117117117,0.527518958865788,0.260809534706085,0.0212898343824162,"FP","54",45,NA,43.6,8.9,5,5,"Willow shrub","Litter",100,582309.167,7719685.366,144,7.04396867752075,4.87311220169067,9.83189868927002,136.467147827148,35.2136421203613,9.90910530090332,200.052307128906
37.7472029029332,10.7446016381236,0.551695927518608,0.247463848009728,0.0203390971220923,"FP","55",90,NA,49.3,17.9,0.3,6,"Litter","Dense mesic",134,582308.4784,7719685.061,145,7.02777099609375,4.8755202293396,9.7842264175415,135.895477294922,34.9795417785645,10.2913160324097,195.443466186523
NA,10.2187615869485,NA,NA,NA,"FP","56",90,NA,22.1,14.5,7.5,7,"Litter","Litter",174,582307.9372,7719685.594,146,7.02021360397339,4.87260961532593,9.77055358886719,135.670715332031,35.0806655883789,9.91846561431885,206.433441162109
NA,12.7865961199294,NA,NA,NA,"FP","57",90,NA,45,22.6,25,8,"Dryas","Very dense humic",176,582307.7617,7719686.701,147,7.01909351348877,4.87191677093506,9.78124332427979,135.860046386719,35.2365379333496,10.1522817611694,204.896621704102
19.2786293958521,14.1715399610136,0.77103765563121,0.126387214091572,NA,"FP","58",135,NA,38.4,6.7,0.4,9,"Willow shrub","Very dense humic",165,582308.6032,7719688.442,148,6.99027442932129,4.87210178375244,9.70167446136475,134.90446472168,35.6342239379883,8.12778949737549,196.106338500977
43.6279514996809,12.2331195775179,0.48185330760474,0.286016974202184,0.0199322340943041,"FP","59",135,NA,68.8,25.6,10,10,"Litter","Loose fibric",139,582311.6068,7719690.108,149,6.94905996322632,4.86845445632935,9.47348594665527,133.096374511719,35.901309967041,10.0466899871826,195.529312133789
30.3735456215554,14.5064980681419,0.639269054375826,0.199123481984544,0.0465663688267867,"FP","61",180,NA,24.9,13.9,0.5,11,"Dryas","Litter",159,582316.4351,7719687.572,150,6.91631555557251,4.86828374862671,9.50863456726074,134.601654052734,35.5650863647461,11.4567365646362,177.964157104492
33.8432942522162,10.077177508269,0.598060638334725,0.221870527639232,0.0216245590478026,"FP","62",180,NA,52.1,10.5,12.5,12,"Dryas","Very dense humic",161,582316.8847,7719680.049,151,6.96368646621704,4.87904739379883,9.73973178863525,137.978302001953,34.1574630737305,13.5612630844116,165.450180053711
37.0915448188175,12.033527696793,0.559482840631621,0.243165471971345,0.0243906890383269,"FP","63",180,NA,58.6,38.5,27.5,13,"Litter","Litter",159,582311.5706,7719674.056,152,6.97759628295898,4.88716602325439,9.73598670959473,138.11669921875,32.4754219055176,13.6900854110718,145.484237670898
38.1220657276995,11.0055671537926,0.547243874967939,0.249921381017698,0.0207308445789797,"FP","64",225,NA,38.2,24.7,0.75,14,"Forbs","Very dense humic",157,582300.4805,7719673.916,153,7.06261920928955,4.8932318687439,9.87543201446533,138.925369262695,32.0700225830078,11.3191776275635,195.716293334961
36.4740973312402,12.5648520277676,0.566815946184796,0.239117597705993,0.026622325617648,"FP","65",225,NA,48.6,41,15,15,"Bare soil","Loose fibric",134,582291.829,7719683.279,154,7.0306396484375,4.88312101364136,9.76722049713135,136.267562866211,33.154655456543,9.55846500396729,201.44189453125
22.7887415076027,10.9262048192771,0.729349863330134,0.149398875441766,0.0469401945496543,"FP","66",270,NA,42.1,13.6,1,16,"Willow shrub","Litter",129,582292.8797,7719697.111,155,6.99188184738159,4.87138938903809,9.74034881591797,137.474822998047,36.0660705566406,14.7253160476685,209.897003173828
31.2460267005722,10.8161004431315,0.628907046311495,0.204843310436055,0.0268148192879818,"FP","68",270,NA,40.9,21.2,17.5,17,"Willow shrub","Dense mesic",193,582306.1825,7719707.897,156,6.99049234390259,4.85685920715332,9.7665843963623,135.328811645508,38.8727684020996,8.46741962432861,203.955856323242
NA,NA,NA,NA,NA,"FP","69",270,NA,47.7,23.3,30,18,"Dryas","Dense mesic",134,582333.376,7719691.029,157,6.97204160690308,4.86642599105835,9.71269607543945,137.619552612305,37.0029411315918,9.46626949310303,185.052917480469
45.5239642567019,15.3316953316953,0.459335341369337,0.298446891564126,0.0257486618683288,"FP","71",315,NA,42.2,26.7,1.75,19,"Willow shrub","Litter",198,582314.6833,7719659.816,158,7.04440784454346,4.89818429946899,9.81026935577393,135.844741821289,29.8189792633057,8.35599708557129,270.167358398438
NA,NA,NA,NA,NA,"FP","72",315,NA,43.3,23.3,20,20,"Willow shrub","Dense mesic",185,582279.6422,7719681.408,159,6.98417949676514,4.88982582092285,9.68254470825195,137.123123168945,31.96950340271,9.66544437408447,188.363662719727
-Inf,NA,Inf,-Inf,NA,"WET CONTROL","1",0,NA,62.2,55.2,0.1,1,"Sedge and equisetum","Loose fibric",184,581980.5536,7719455.272,160,7.20756483078003,5.06295204162598,9.75455474853516,136.042404174805,1.03029274940491,1.55394947528839,1.344367146492
